GG package,Pullman Box,Genus ,Species,Accn Number,% normal germ,% total germ (incl. abnormal+clip),% dormant,% viable,% empty,% dead,100 Seed Weight (g),100 Seed Inert Weight (g),Total Sample Weight (g),NLGRP Weight (g),Pullman Weight (g),Collector Weight (g),GRIN Weight (g),Total Estimated Seeds (#),NLGRP Estimated Seed (#),Pullman Estimated Seed (#),Collector Estimated Seed (#),GRIN Estimated Seed (#),Notes
NA,1,Agalinis,maritima,NEWFS-425,,,,,,,0.08,0.8413,32.3627,16.29,15.85,0,0,3513,1768,1720,0,0,Seeds appear to be moldy and cracked from either age or damage from poor handling and/or storage. This sample was not tested as obtaining a quality sub-sample without empty and damaged seeds was impossible.
1,2,Agalinis,maritima,NEWFS-759,,,,,,,0.0741,1.624,155.58,51.8,51.92,0,51.86,9162,3050,3058,0,3054.001531,Seeds appear to be moldy and cracked from either age or damage from poor handling and/or storage. This sample was not tested as obtaining a quality sub-sample without empty and damaged seeds was impossible.
1,2,Alnus,serrulata,NCBG-292,0.33,0.33,0.20,0.53,0.43,0.05,0.0967,0,63.094,3.77,3.71,51.78,3.71,65247,3899,3837,53547.05274,3836.608066,
1,1,Alnus,serrulata,NCBG-392,0.27,0.27,0.13,0.40,0.57,0.03,0.097,0,75.7037,4.21,4.23,63.74,4.26,78045,4340,4361,65711.34021,4391.752577,
1,2,Andropogon,gerardii,NCBG-405,0.22,0.22,0.00,0.22,0.76,0.02,0.2098,0,49.2632,7.03,7.03,28.25,7.06,23481,3351,3351,13465.20496,3365.109628,
1,2,Aristida,purpurascens var. virgata,NCBG-572,0.41,0.43,0.00,0.43,0.57,0.00,0.0339,0.1088,78.4,4.91,4.98,63.08,5.05,54940,3441,3490,44204.62509,3538.892782,
3,1,Asclepias,syriaca,NCBG-374,0.22,0.40,0.37,0.77,0.00,0.23,0.4481,1.9355,333.65,80.17,81.79,69.94,80.23,13998,3363,3431,2934.217151,3365.9171,
3,1,Asclepias,syriaca,NEWFS-715,0.78,0.82,0.14,0.96,0.00,0.04,0.5742,1.2929,590.76,63.61,66.43,391.92,66.72,31641,3407,3558,20990.84141,3573.456162,
3,1,Asclepias,syriaca,NEWFS-822,0.96,0.96,0.01,0.97,0.00,0.03,0.8812,1.1614,304.29,68.22,68.12,98.12,68.09,14897,3340,3335,4803.681582,3333.496524,
NA,2,Atriplex,prostrata,NEWFS-776,0.25,0.27,0.39,0.66,0.18,0.16,0.1115,1.254,68.4894,34.29,34.29,0,0,5016,2511,2511,0,0,
NA,2,Atriplex,prostrata,NEWFS-797,0.41,0.45,0.23,0.68,0.25,0.07,0.1495,1.7298,42.01782,21.11,21.05,0,0,2236,1123,1120,0,0,
none assigned,2,Baccharis,halimifolia,NCBG-384,0.14,0.19,0.07,0.26,0.49,0.25,0.0142,0.5345,41.0965,16.12,16.09,0,8.06,7490,2938,2932,0,1468.926554,
1,2,Betula,populifolia,NEWFS-856,0.27,0.27,0.00,0.27,0.73,0.00,0.0092,0.1259,159.5818,4.6,4.51,146.26,4.5,118121,3405,3338,108260.5477,3330.866025,
2,2,Bolboschoenus,maritimus,NEWFS-424,0.30,0.30,0.47,0.77,0.03,0.20,0.3164,0.7925,141.2586,25.94,25.94,62.55,25.95,12739,2339,2339,5640.725043,2340.156912,
NA,2,Bolboschoenus,maritimus,NEWFS-651,0.03,0.03,0.57,0.60,0.00,0.40,0.3682,0.1632,11.3652,5.62,5.68,0,0,2139,1058,1069,0,0,
none assigned,1,Bolboschoenus,maritimus,NEWFS-692 listed as 69,0.01,0.01,0.45,0.46,0.03,0.51,0.4119,0.4617,527.72,29.14,29.16,403.07,29.12,60408,3336,3338,46138.9652,3333.333333,
2,1,Bolboschoenus,maritimus,NEWFS-789,0.43,0.43,0.31,0.74,0.00,0.26,0.3554,0.441,116.27,26.56,26.56,36.49,26.5,14599,3335,3335,4581.868408,3327.473631,
NA,1,Bolboschoenus,maritimus,NEWFS-812,0.34,0.34,0.27,0.61,0.16,0.23,0.2934,0.9989,31.4099,15.64,15.72,0,0,2431,1210,1216,0,0,
none assigned,2,Bolboschoenus,robustus,NCBG-719,0.05,0.05,0.28,0.33,0.02,0.65,0.2179,0.7911,591.91,33.72,33.65,490.31,33.69,58663,3342,3335,48593.65709,3338.949455,
2,2,Bolboschoenus,robustus,NCBG-724,0.56,0.56,0.27,0.83,0.06,0.11,0.3115,0.4892,1619.17,26.71,26.76,1653.17,26.66,202219,3336,3342,206465.5926,3329.586612,
none assigned,1,Bolboschoenus,robustus,NCBG-725,0.40,0.40,0.31,0.71,0.09,0.20,0.271,0.8015,238.55,35.83,35.86,129.5,35.83,22242,3341,3344,12074.59207,3340.792541,
2,1,Carex,annectens,MARSB-565,0.42,0.42,0.00,0.42,0.58,0.00,0.0348,0.0302,44.4494,3.24,3.26,33.71,3.3,68384,4985,5015,51861.53846,5076.923077,
2,2,Carex,annectens,NEWFS-363,0.85,0.85,0.00,0.85,0.15,0.00,0.0214,0.0084,44.8979,2.53,2.59,37.59,2.57,150664,8490,8691,126140.9396,8624.161074,
2,2,Carex,annectens,NEWFS-656,0.82,0.82,0.00,0.82,0.18,0.00,0.02,0.0177,48.3385,3.24,3.29,38.75,3.24,128219,8594,8727,102785.1459,8594.164456,
1,2,Carex,comosa,NEWFS-666,1.00,1.00,0.00,1.00,0.00,0.00,0.0536,0.097,237.44,13.92,13.92,196.17,13.91,157663,9243,9243,130258.9641,9236.387782,
2,2,Carex,crinita,NEWFS-328,1.00,1.00,0.00,1.00,0.00,0.00,0.0946,0.0893,108.82,12.45,12.48,71.72,12.49,59173,6770,6786,38999.45623,6791.734638,
2,2,Carex,crinita,NEWFS-634,0.76,0.76,0.00,0.76,0.24,0.00,0.0884,0.1312,255.62,15.21,15.19,210.48,15.23,116403,6926,6917,95846.99454,6935.336976,
2,2,Carex,crinita,NEWFS-678,0.94,0.94,0.00,0.94,0.06,0.00,0.0663,0.1073,118.38,10.23,10.21,87.73,10.21,68191,5893,5881,50535.71429,5881.336406,
3,1,Carex,crinita,NEWFS-701,0.84,0.84,0.00,0.84,0.16,0.00,0.0774,0.1102,283.31,15.65,15.66,249.24,15.69,151018,8342,8348,132857.1429,8363.539446,
NA,2,Carex,intumescens,NEWFS-694,0.02,0.02,0.42,0.44,0.00,0.56,1.6899,0.686,103.2425,51.52,51.49,0,0,4345,2168,2167,0,0,
2,2,Carex,lupulina,NEWFS-676,0.00,0.00,0.58,0.58,0.00,0.42,0.4539,0.8102,150.1,42.24,42.23,23.36,42.23,11874,3342,3341,1847.955067,3340.716715,
3,1,Carex,lurida,MARSB-635,0.21,0.21,0.52,0.72,0.10,0.17,0.1282,0.8331,224.7,12.97,12.22,187.3,12.19,23375,1349,1271,19484.03204,1268.074482,
1,2,Carex,lurida,NEWFS-338,0.24,0.24,0.47,0.71,0.07,0.22,0.1461,0.472,86.98,20.61,20.61,25.15,20.61,14072,3334,3334,4068.920887,3334.411907,
2,1,Carex,lurida,NEWFS-361,0.10,0.10,0.42,0.52,0.19,0.29,0.1217,0.2229,68.58,11.48,11.48,34.21,11.48,19901,3331,3331,9927.452118,3331.398723,
2,1,Carex,lurida,NEWFS-655,0.45,0.45,0.34,0.79,0.06,0.15,0.1433,0.7112,192.1,28.5,28.47,105.75,28.48,22481,3335,3332,12375.65828,3332.943242,
NA,1,Carex,lurida,NEWFS-677,0.58,0.58,0.13,0.71,0.09,0.20,0.1508,0.8064,49.31,24.79,24.77,0,0,5151,2590,2588,0,0,
2,2,Carex,lurida,NEWFS-683,0.58,0.58,0.19,0.77,0.11,0.12,0.1315,0.6621,76.23,25.47,25.48,0,25.4,9606,3209,3211,0,3200.604839,
2,1,Carex,lurida,NEWFS-693,0.60,0.60,0.21,0.81,0.09,0.10,0.1517,0.5531,166.71,23.46,23.5,95.94,23.51,23654,3329,3334,13612.3723,3335.69807,
1,2,Carex,scorparia var. scorparia,NEWFS-633,0.53,0.53,0.11,0.64,0.19,0.17,0.0185,0.6987,177.81,23.4,23.39,108.33,23.4,24792,3263,3261,15104.57334,3262.688232,
2,2,Carex,scorparia var. scorparia,NEWFS-635,0.26,0.26,0.05,0.31,0.35,0.34,0.021,0.8901,97.61,17.83,17.89,44.16,17.86,10713,1957,1964,4846.888377,1960.267808,
1,2,Carex,scorparia var. scorparia,NEWFS-652,0.70,0.70,0.06,0.76,0.18,0.06,0.0149,0.6392,55.48,18.57,18.61,0,18.49,8482,2839,2845,0,2826.784895,
NA,1,Carex,scorparia var. scorparia,NEWFS-703,0.58,0.58,0.04,0.62,0.19,0.19,0.0182,0.7217,48.06,24.17,24.21,0,0,6495,3267,3272,0,0,
1,2,Carex,stricta,NEWFS-637,0.00,0.00,0.00,0.00,1.00,0.00,0.0156,0.9032,103.78,17.29,17.31,52.03,17.33,11295,1882,1884,5662.821071,1886.155855,
1,1,Carpinus,caroliniana,NCBG-371,0.00,0.00,0.77,0.77,0.00,0.23,1.3983,0.0317,94.1345,36.86,36.76,0,18.49,6583,2578,2571,0,1293.006993,
1,2,Cephalanthus,occidentalis,NCBG-396,0.98,0.98,0.00,0.98,0.02,0.00,0.4421,0,265.4512,14.72,14.8,226.93,14.76,60043,3330,3348,51330.01583,3338.611174,
1,2,Cephalanthus,occidentalis,NEWFS-920,0.97,1.00,0.00,1.00,0.00,0.00,0.1734,0.1219,198.4848,10.09,9.96,168.18,10.1,67215,3417,3373,56952.25195,3420.250593,
NA,2,Chamaecyparis,thyoides,NEWFS-847,0.10,0.10,0.05,0.15,0.45,0.40,0.1362,1.2452,77.8902,38.9,38.79,0,0,5638,2816,2808,0,0,
1,2,Chamaedaphne,calyculata,NEWFS-845,0.20,0.20,0.29,0.49,0.00,0.51,0.0115,0.093,65.2709,5.59,5.63,48.64,5.62,62460,5349,5388,46545.45455,5377.990431,
1,2,Chamaedaphne,calyculata,NEWFS-923,0.15,0.15,0.39,0.55,0.00,0.45,0.0091,0.1456,60.6742,5.79,5.78,42.98,5.81,39221,3743,3736,27782.80543,3755.656109,
1,2,Clethra,alnifolia,NCBG-753,0.01,0.01,0.08,0.09,0.76,0.15,0.0102,0.1017,131.9209,8.15,8.16,109.77,8.15,117892,7283,7292,98096.51475,7283.288651,
1,1,Clethra,alnifolia,NEWFS-848,0.00,0.00,0.05,0.05,0.77,0.18,0.0092,0.1131,101.89,8.87,8.86,75.25,8.84,83312,7253,7244,61529.02698,7228.127555,
1,1,Clethra,alnifolia,NEWFS-872,0.00,0.00,0.17,0.17,0.65,0.18,0.0363,0.2033,159.6474,13.32,13.28,120.11,13.36,66631,5559,5543,50129.3823,5575.959933,
NA,1,Clethra,alnifolia,NEWFS-902,0.00,0.00,0.14,0.14,0.75,0.11,0.0423,0.9172,49.8129,26.27,25.77,0,0,5192,2738,2686,0,0,
1,1,Clethra,alnifolia,NEWFS-919,0.01,0.01,0.11,0.12,0.80,0.08,0.0515,0.5666,152.8214,20.61,20.62,92.5,20.61,24724,3334,3336,14965.21598,3334.411907,
1,1,Clethra,alnifolia,NEWFS-921,0.00,0.00,0.09,0.09,0.74,0.17,0.0514,0.3987,71.7222,15.42,15.43,26.46,15.45,15935,3426,3428,5878.693624,3432.57054,
1,1,Clethra,alnifolia,NEWFS-936,0.00,0.00,0.10,0.10,0.81,0.09,0.0769,0.4091,83.5258,16.32,16.39,36.94,16.37,17186,3358,3372,7600.823045,3368.312757,
2,1,Cyperus,erythrorhizos,NEWFS-705,0.49,0.49,0.17,0.66,0.08,0.26,0.0132,0.0898,308.85,12.74,12.78,246.11,12.78,299854,12369,12408,238941.7476,12407.76699,
1,2,Cyperus,flavicomus,NCBG-523,0.06,0.06,0.54,0.60,0.21,0.19,0.0107,0.0917,23.98,3.44,3.46,11.95,3.42,23418,3359,3379,11669.92188,3339.84375,
1,2,Cyperus,grayi,NCBG-504,0.01,0.01,0.73,0.74,0.13,0.14,0.0466,0.0611,66.27,4.64,4.68,49.83,4.61,61532,4308,4345,46267.40947,4280.408542,
1,2,Cyperus,grayi,NCBG-510,0.00,0.00,0.61,0.61,0.26,0.13,0.0461,0.0873,44.83,4.47,4.45,30.57,4.45,33606,3351,3336,22916.04198,3335.832084,
2,2,Cyperus,grayi,NEWFS-688,0.08,0.08,0.64,0.72,0.12,0.16,0.0521,0.0583,177.37,3.65,3.7,168.25,3.66,160661,3306,3351,152400.3623,3315.217391,
2,2 & 3,Cyperus,lupulinus,NEWFS-714,0.00,0.00,0.51,0.51,0.29,0.20,0.0415,0.0692,26.81,3.71,3.84,16,3.83,24219,3351,3469,14453.47787,3459.801265,
1,1,Cyperus,odoratus,NCBG-731,0.98,0.98,0.00,0.98,0.02,0.00,0.0152,0.0413,614.99,11.42,11.47,567.59,11.45,1088478,20212,20301,1004584.071,20265.48673,
1,2,Cyperus,strigosus,NCBG-512,0.54,0.54,0.31,0.85,0.08,0.07,0.0284,0.0773,70.89,5.17,5.2,55.21,5.16,67067,4891,4920,52232.73415,4881.740776,
1,2,Decodon,verticillatus,NCBG-532,,,,0.00,,1.00,0.0719,0.4678,161.0836,18.05,18.04,107.52,18.02,29847,3344,3343,19922.17899,3338.891977,Initial TZ of ~ 10 seeds indicated no viability.  High proportion of empty seeds or embryos damaged by insect/handling. Perhaps immature. Not planted for germ assay.
1,2,Decodon,verticillatus,NEWFS-918,,,,0.00,,1.00,0.04244,0.7236,74.0661,24.66,24.69,0,22.81,9669,3219,3223,0,2977.651298,Initial TZ of ~ 10 seeds indicated no viability.  High proportion of empty seeds or embryos damaged by insect/handling. Perhaps immature. Not planted for germ assay.
3,1,Dichanthelium,scoparium,MARSB-636,0.03,0.03,0.09,0.11,0.59,0.29,0.0664,0.1187,91.71,6.45,6.5,65.34,6.46,49546,3485,3512,35299.83793,3490.005402,
3,1,Digitaria,cognata,NEWFS-713,0.35,0.41,0.00,0.41,0.59,0.00,0.0295,0.3161,415.56,25.55,27.79,339.43,25,120243,7393,8041,98214.69907,7233.796296,
2,2,Diospyros,virginiana,NCBG-373,0.68,0.68,0.03,0.71,0.01,0.28,31.9386,0,1978.48,782.53,781.31,,391.82,6195,2450,2446,0,1226.791406,
3,1,Distichlis,spicata,NCBG-741,0.65,0.65,0.14,0.80,0.00,0.20,0.0778,0.2135,1269,18.12,24.87,1083.63,26.95,435633,6220,8538,371997.9403,9251.630621,
3,1,Distichlis,spicata,NCBG-746,0.77,0.77,0.00,0.77,0.23,0.00,0.0925,0.1102,235.96,7.55,7.55,223.94,7.57,116408,3725,3725,110478.5397,3734.583128,
3,1,Distichlis,spicata,NEWFS-723,0.72,0.72,0.03,0.75,0.02,0.23,0.0766,0.3721,249.55,15.24,15.35,205.15,15.54,55616,3396,3421,45720.9717,3463.338534,
3,1,Distichlis,spicata,NEWFS-735,0.67,0.67,0.03,0.70,0.18,0.12,0.1156,0.3711,31.19,13.21,13.22,0,6.66,6408,2714,2716,0,1368.399425,
3,1,Distichlis,spicata,NEWFS-736,0.87,0.87,0.01,0.88,0.06,0.06,0.1138,0.2351,118.65,15.44,15.47,74.22,15.44,34007,4425,4434,21272.57094,4425.336773,
3,1,Distichlis,spicata,NEWFS-762,0.60,0.60,0.05,0.65,0.11,0.25,0.0993,0.0982,149.09,6.85,6.9,129.61,6.94,75489,3468,3494,65625.31646,3513.924051,
3,1,Distichlis,spicata,NEWFS-796,0.76,0.76,0.06,0.82,0.04,0.14,0.123,0.1792,34.5345,10.1,10.09,4.22,10.09,11428,3342,3339,1396.426208,3338.848445,
3,1,Distichlis,spicata,NEWFS-805,,,,0.00,,1.00,0.1011,0.1809,21.69,7.5,7.48,0,7.53,7691,2660,2652,0,2670.212766,Initial TZ of ~ 10 seeds indicated no viability.  High proportion of empty seeds or embryos damaged by insect/handling. Perhaps immature. Not planted for germ assay.
3,1,Distichlis,spicata,NEWFS-818,,,,0.00,,1.00,0.0923,0.071,20.4926,5.46,5.47,4.32,5.48,12549,3344,3350,2645.437844,3355.786895,Initial TZ of ~ 10 seeds indicated no viability.  High proportion of empty seeds or embryos damaged by insect/handling. Perhaps immature. Not planted for germ assay.
3,1,Doellingeria,umbellata var. umbellata,NEWFS-863,0.10,0.10,0.00,0.10,0.81,0.09,0.0411,0.214,25.4194,8.48,8.48,0,8.68,9964,3324,3324,0,3402.587221,
3,1,Dulichium,arundinaceum,NEWFS-716,0.00,0.00,0.50,0.50,0.42,0.08,0.1175,0.1035,27.89,7.39,7.35,6.5,7.37,12620,3344,3326,2941.176471,3334.841629,
3,1,Dulichium,arundinaceum,NEWFS-727,0.01,0.01,0.64,0.65,0.20,0.15,0.1267,0.1101,80.81,7.95,7.98,53.44,8.01,34126,3357,3370,22567.56757,3382.601351,
NA,1,Dulichium,arundinaceum,NEWFS-834,0.01,0.01,0.61,0.62,0.05,0.33,0.1012,0.9557,42.3591,21.35,21.32,0,0,4008,2020,2017,0,0,
1,1,Eleocharis,obtusa,NEWFS-670,0.08,0.08,0.65,0.73,0.00,0.27,0.0189,0.2959,248.48,11.68,11.87,190.36,11.64,78933,3710,3771,60470.13977,3697.585769,
1,2,Eleocharis,obtusa,NEWFS-682,0.42,0.49,0.24,0.74,0.00,0.26,0.0185,0.3104,53.1,10.94,10.98,17.49,11,16145,3326,3338,5317.725753,3344.481605,
1,2,Eleocharis,obtusa,NEWFS-700,0.87,0.87,0.03,0.91,0.04,0.05,0.0228,0.2713,21.32,8.49,8.87,0,4.32,7249,2887,3016,0,1468.888133,
1,2,Eleocharis,palustris,NEWFS-632,0.23,0.23,0.42,0.65,0.08,0.27,0.0279,0.3371,79.89,12.17,12.18,49.25,12.14,21888,3334,3337,13493.15068,3326.027397,
1,2,Eleocharis,quadrangulata,NCBG-506,0.00,0.00,0.35,0.35,0.00,0.65,0.1437,0.1491,61.19,9.87,9.99,28.84,9.93,20898,3371,3412,9849.726776,3391.393443,
1,1,Eleocharis,quadrangulata,NCBG-571,0.00,0.00,0.14,0.14,0.00,0.86,0.1821,0.0871,60.06,9.02,9.02,32.19,9.04,22311,3351,3351,11957.6523,3358.098068,
1,2,Elymus,virginicus,MARSB-267,0.86,0.88,0.00,0.88,0.12,0.00,0.5609,2.0071,216.69,72.88,72.59,0,52.44,8438,2838,2827,0,2042.056075,
2,1,Eragrostis,spectabilis,NEWFS-378,0.17,0.17,0.12,0.29,0.59,0.12,0.0093,0.1364,108.26,6.8,6.79,84.59,7,74303,4667,4660,58057.65271,4804.392588,
2,1,Eragrostis,spectabilis,NEWFS-745,0.84,0.84,0.03,0.88,0.07,0.05,0.0088,0.1081,433.94,14.82,14.78,373.12,14.78,371206,12678,12643,319178.7853,12643.28486,
NA,1,Erechtites,hieraciifolia,NEWFS-412,0.96,1.00,0.00,1.00,0.00,0.00,0.0608,0.4073,12.412,6.24,6.3,0,0,2652,1333,1346,0,0,
1,1,Eriophorum,virginicum,NEWFS-452,0.00,0.00,0.54,0.54,0.36,0.11,0.0853,0.2009,38.09,9.59,9.55,9.36,9.63,13309,3351,3337,3270.440252,3364.779874,
1,2,Eriophorum,virginicum,NEWFS-696,,,,0.00,,1.00,0.0613,0.2012,104.14,8.99,8.97,78.16,9.04,39672,3425,3417,29775.2381,3443.809524,Initial TZ of ~ 10 seeds indicated no viability.  High proportion of empty seeds or embryos damaged by insect/handling. Perhaps immature. Not planted for germ assay.
2,1,Eupatorium,hyssopifolium,NCBG-315,0.32,0.32,0.00,0.32,0.68,0.00,0.0272,0.1317,42.83,5.51,5.52,27.38,5.5,26954,3468,3474,17230.96287,3461.296413,
2,1,Eupatorium,hyssopifolium,NCBG-395,0.13,0.13,0.00,0.13,0.83,0.04,0.0307,0.1122,16.61,4.8,4.76,3.36,4.75,11624,3359,3331,2351.294612,3324.002799,
2,none assigned,Eupatorium,perfoliatum,NEWFS-874,0.31,0.41,0.01,0.42,0.54,0.05,0.011,0.1089,71.34,3.98,3.99,60.12,4,59500,3319,3328,50141.78482,3336.113428,
2,1,Eupatorium,serotinum,MARSB-375,0.76,0.76,0.00,0.76,0.24,0.00,0.0215,0.0971,259,5.27,5.33,259,5.33,218381,4444,4494,218381.113,4494.097808,
2,1,Eurybia,divaricata,NEWFS-849,0.04,0.04,0.02,0.06,0.89,0.05,0.036,0.1293,49.16,5.53,5.57,33.26,5.51,29740,3345,3370,20120.99214,3333.333333,
NA,NA,Eurybia,divaricata,NEWFS-864,,,,,,,N/A,,,,,,,#VALUE!,#VALUE!,#VALUE!,#VALUE!,#VALUE!,Sample on packing list but not included in shipment
2,1,Eurybia,divaricata,NEWFS-917,0.09,0.09,0.07,0.16,0.76,0.08,0.0303,0.1371,13.26,4.66,4.65,0,4.66,7921,2784,2778,0,2783.751493,
2,1,Eurybia,divaricata,NEWFS-925,0.23,0.23,0.02,0.25,0.70,0.06,0.0306,0.1232,40.38,5.76,5.79,24.04,5.74,26255,3745,3765,15630.68921,3732.119636,
2,1,Euthamia,caroliniana,MARSB-405,0.30,0.30,0.13,0.43,0.50,0.07,0.0065,0.0471,161.49,4.88,4.84,150.63,4.89,301287,9104,9030,281026.1194,9123.134328,
2,1,Euthamia,caroliniana,NEWFS-855,0.27,0.27,0.01,0.28,0.68,0.04,0.0091,0.0683,25.92,2.6,2.59,18.56,2.61,33488,3359,3346,23979.32817,3372.093023,
2,1,Euthamia,graminifolia,NEWFS-854,0.54,0.54,0.15,0.69,0.22,0.09,0.0091,0.0631,19.57,2.43,2.42,13.68,2.45,27105,3366,3352,18947.36842,3393.351801,
2,1,Euthamia,graminifolia,NEWFS-861,0.77,0.90,0.00,0.90,0.08,0.02,0.0048,0.0567,46.25,2.69,2.71,38.95,2.71,75203,4374,4407,63333.33333,4406.504065,
2,1,Euthamia,graminifolia,NEWFS-875,0.63,0.63,0.01,0.63,0.21,0.15,0.0071,0.0474,34.72,1.8,1.81,30.14,1.82,63706,3303,3321,55302.75229,3339.449541,
2,1,Euthamia,graminifolia,NEWFS-892,0.56,0.56,0.15,0.71,0.23,0.06,0.0089,0.0562,32.25,2.25,2.27,26.38,2.28,49539,3456,3487,40522.27343,3502.304147,
1,1,Euthamia,graminifolia,NEWFS-897,0.75,0.75,0.07,0.82,0.13,0.05,0.0047,0.0611,85.05,8.23,8.22,61.15,8.21,129255,12508,12492,92933.1307,12477.20365,
2,1,Euthamia,graminifolia,NEWFS-903,0.68,0.68,0.07,0.75,0.02,0.23,0.0092,0.0289,28.14,2.29,2.25,21.25,2.27,73858,6010,5906,55774.27822,5958.005249,
2,1,Euthamia,graminifolia,NEWFS-905,0.57,0.57,0.02,0.59,0.38,0.03,0.0039,0.0431,141.18,5.79,5.74,125.03,5.77,300383,12319,12213,266021.2766,12276.59574,
2,1,Euthamia,graminifolia,NEWFS-914,0.34,0.34,0.00,0.34,0.66,0.00,0.0093,0.0504,22.99,2.07,2.07,17.19,2.06,38509,3467,3467,28793.96985,3450.586265,
2,1,Euthamia,graminifolia,NEWFS-932,0.53,0.53,0.00,0.53,0.47,0.00,0.0031,0.0721,16.18,2.5,2.51,9.89,2.54,21516,3324,3338,13151.59574,3377.659574,
NA,1,Eutrochium,dubium,NEWFS-756,0.45,0.45,0.15,0.60,0.35,0.05,0.0379,0.2982,20.04,10.3,10.25,0,0,5963,3065,3050,0,0,
1,1,Eutrochium,dubium,NEWFS-901,0.38,0.38,0.14,0.51,0.43,0.06,0.0316,0.2573,56.09,9.63,9.65,27.63,9.64,19415,3333,3340,9563.862928,3336.794739,
1,1,Fimbristylis,annua,NCBG-555,0.00,0.00,0.56,0.56,0.02,0.42,0.0127,0.0912,14.31,3.75,3.82,3,3.86,13773,3609,3677,2887.391723,3715.110683,
NA,2,Fimbristylis,autumnalis,NCBG-527,0.03,0.04,0.02,0.06,0.01,0.93,0.0339,0.1059,6.8,3.15,3.18,0,0,4864,2253,2275,0,0,
1,2,Fimbristylis,castanea,NCBG-520,0.02,0.02,0.55,0.57,0.04,0.39,0.0151,0.1111,107.55,4.2,4.2,94.66,4.21,85222,3328,3328,75007.92393,3335.974643,
1,2,Fimbristylis,castanea,NCBG-546,0.00,0.00,0.71,0.71,0.00,0.29,0.0318,0.0678,63.65,3.89,3.93,50.86,3.92,63906,3906,3946,51064.25703,3935.742972,
1,1,Fimbristylis,castanea,NCBG-548,0.00,0.00,0.44,0.44,0.00,0.56,0.0408,0.0713,77.97,4.05,4.05,63.34,4.08,69554,3613,3613,56503.12221,3639.607493,
1,2,Fimbristylis,castanea,NCBG-562,0.00,0.00,0.58,0.58,0.03,0.39,0.0385,0.0398,37.31,3.72,3.78,25.66,3.77,47650,4751,4828,32771.39208,4814.814815,
1,2,Fimbristylis,castanea,NCBG-742,0.00,0.00,0.65,0.65,0.01,0.34,0.0407,0.0721,55.03,3.81,3.84,41.96,3.81,48785,3378,3404,37198.58156,3377.659574,
2,1,Gaultheria,procumbens,NEWFS-616,0.39,0.39,0.04,0.43,0.45,0.12,0.0326,0.0129,4.3569,1.49,1.45,0,1.42,9576,3275,3187,0,3120.879121,
NA,2,Gaultheria,procumbens,NEWFS-926,0.23,0.23,0.04,0.27,0.62,0.11,0.0401,0.2457,6.2149,3.09,3.09,,0,2175,1081,1081,0,0,
NA,2,Gaylussacia,baccata,NEWFS-351,,,,0.00,0.20,0.80,0.1123,0.172,15.7171,7.83,7.88,,0,5528,2754,2772,0,0,Initial TZ of ~ 10 seeds indicated no viability.  High proportion of empty seeds or embryos damaged by insect/handling. Perhaps immature. Not planted for germ assay.
2,1,Glyceria,canadensis,NEWFS-650,0.03,0.03,0.94,0.97,0.00,0.03,0.0439,0.0051,1080.59,15.88,15.89,1037.64,15.9,2205286,32408,32429,2117632.653,32448.97959,
1,2,Glyceria,canadensis,NEWFS-665,0.02,0.02,0.96,0.98,0.00,0.02,0.0573,0.0172,61.75,3.04,3.03,50.92,3.08,82886,4081,4067,68348.99329,4134.228188,
1,2,Glyceria,canadensis,NEWFS-698,0.05,0.05,0.36,0.41,0.00,0.59,0.047,0.0089,25.99,0.031,3.01,20.86,3,46494,55,5385,37316.63685,5366.726297,
1,2,Helenium,autumnale,NCBG-398,0.87,0.87,0.00,0.87,0.13,0.00,0.0398,0.0411,18.8,2.7,2.69,11.64,1.7,23239,3337,3325,14388.1335,2101.359703,
1,1,Hibiscus,moscheutos,NCBG-489,0.68,0.77,0.04,0.77,0.00,0.23,0.8382,0,174.5604,27.9244,27.7467,91.96,27.865,20826,3331,3310,10971.12861,3324.385588,
NA,NA,Hibiscus,moscheutos,NEWFS-317,,,,,,,N/A,,,0,0,0,0,#VALUE!,#VALUE!,#VALUE!,#VALUE!,#VALUE!,Sample on packing list but not included in shipment
NA,2,Hibiscus,moscheutos,NEWFS-896,0.43,0.62,0.04,0.62,0.00,0.38,0.8273,3.4697,81.0921,40.5,40.61,0,0,1887,943,945,0,0,
NA,2,Hieracium,panicalatum,NEWFS-366,0.09,0.09,0.20,0.29,0.62,0.09,0.0177,0.0211,3.6027,1.84,1.88,,,9285,4742,4845,0,0,
NA,1,Hudsonia,ericoides,MARSB-134,0.01,0.01,0.74,0.75,0.00,0.25,0.0248,1.237,21.87,10.28,10.19,0,0,1733,815,808,0,0,
2,1,Hudsonia,tomentosa,MARSB-132,0.05,0.14,0.72,0.86,0.10,0.04,0.0503,1.7711,405.93,60.73,60.73,239.29,60.72,22287,3334,3334,13137.69628,3333.699352,
2,2,Hudsonia,tomentosa,MARSB-133,0.04,0.06,0.81,0.87,0.06,0.07,0.0472,0.9997,1057.48,56.07,56.05,916.45,56.05,101011,5356,5354,87539.40204,5353.901996,
2,1,Hudsonia,tomentosa,MARSB-137,0.00,0.06,0.47,0.53,0.46,0.01,0.0355,2.001,468.69,67.88,67.91,247.07,67.88,23014,3333,3335,12132.08937,3333.169654,
2,none assigned,Hudsonia,tomentosa,MARSB-144,0.12,0.12,0.54,0.66,0.28,0.06,0.0454,1.872,301.82,63.9,63.89,123.48,63.9,15741,3333,3332,6439.970794,3332.637947,
2,2,Hudsonia,tomentosa,NCBG-713,0.04,0.06,0.47,0.54,0.38,0.08,0.0433,1.4013,344.9,48.14,48.17,197.55,48.14,23875,3332,3334,13675.06576,3332.410356,
2,1,Hudsonia,tomentosa,NEWFS-259,0.00,0.00,0.30,0.30,0.70,0.00,0.0442,1.071,656.09,61.15,61.15,482.03,61.14,58832,5483,5483,43223.63702,5482.424677,
NA,2,Hypericum,canadense,NEWFS-836,0.02,0.02,0.03,0.05,0.00,0.95,0.0029,0.9332,35.44,19.09,18.95,0,0,3786,2039,2024,0,0,
1,2,Ilex,opaca,NCBG-390,0.00,0.00,0.45,0.45,0.00,0.55,1.5975,0.26465,194.7755,62.12,62.06,8.83,62.03,10460,3336,3333,474.183068,3331.095776,
1,2,Ilex,opaca,NCBG-425,0.00,0.00,0.74,0.74,0.00,0.26,1.5791,0.0123,267.36,53.54,53.57,106.99,53.65,16800,3364,3366,6723.011185,3371.245444,
1,2,Ilex,verticillata,NCBG-565,0.00,0.00,0.52,0.52,0.00,0.48,0.5726,0.0129,126.87,22.89,22.77,47.48,22.84,21669,3909,3889,8109.308284,3900.939368,
NA,NA,Ilex,verticullata,NEWFS-606,,,,,,,,,,,,,,#DIV/0!,#DIV/0!,#DIV/0!,#DIV/0!,#DIV/0!,Seeds were  found to be too moldy to clean and test. The sample was discarded. 
1,1,Ilex,verticullata,NEWFS-939,0.00,0.00,0.79,0.79,0.00,0.21,0.9674,1.105,314.9612,69.08,69.14,106.54,69.17,15198,3333,3336,5140.89944,3337.676124,
2,2,Iris,versicolor,NCBG-595,0.59,0.62,0.19,0.81,0.00,0.19,5.7883,0,459.12,154.9,153.32,0,153.64,7932,2676,2649,0,2654.319921,
3 and 2,1,Iva,frutescens,NCBG-743,0.55,0.55,0.10,0.65,0.27,0.08,0.0988,0.1741,183.91,7.62,7.64,160.61,7.61,67391,2792,2800,58853.05973,2788.567241,
3,1,Iva,frutescens,NCBG-744,0.47,0.47,0.06,0.53,0.41,0.06,0.0901,0.2039,130.86,7.42,7.43,108.53,7.41,44510,2524,2527,36914.96599,2520.408163,
2,1,Iva,frutescens,NEWFS-712,0.00,0.00,0.00,0.00,1.00,0.00,0.1705,0.6498,529.6,41.04,41.48,404.35,41.72,64562,5003,5057,49292.94161,5085.944167,
2,1,Iva,frutescens,NEWFS-734,0.24,0.24,0.00,0.24,0.75,0.01,0.1027,0.8006,144.04,30.1,30.07,53.78,30.1,15946,3332,3329,5953.72523,3332.226281,
2,1,Iva,frutescens,NEWFS-738,0.17,0.17,0.05,0.22,0.63,0.15,0.1247,0.5073,854.72,29.45,29.42,764.49,29.46,135241,4660,4655,120963.6076,4661.392405,
none assigned,none assigned,Iva,frutescens,NEWFS-743,0.10,0.10,0.07,0.17,0.81,0.02,0.0895,0.4931,689.79,23.92,23.44,600.16,23.99,118399,4106,4023,103014.0748,4117.748026,
2,1,Iva,frutescens,NEWFS-815,0.41,0.41,0.10,0.51,0.41,0.08,0.0992,0.8921,162.93,33.05,33.06,62.91,33.07,16436,3334,3335,6346.212045,3336.023404,
3,1,Juncus,canadensis,NEWFS-924,0.98,0.98,0.00,0.98,0.00,0.02,0.003,0.0722,16.72,2.55,2.57,8,2.54,22234,3391,3418,10638.29787,3377.659574,
3,1,Juncus,effusus,NEWFS-337,0.99,0.99,0.00,0.99,0.00,0.01,0.0025,0.1099,151.88,5.28,5.28,130.76,5.29,135125,4698,4698,116334.5196,4706.405694,
NA,NA,Juncus,effusus,NEWFS-359,,,,,,,0.0041,0.0497,,0,0,0,0,0,0,0,0,0,"Seeds were discovered to contaminated by a leaking plastic bag from a different sample stored wet. Though the sample was stored, it was not tested. "
3,1,Juncus,effusus,NEWFS-360,1.00,1.00,0.00,1.00,0.00,0.00,0.0035,0.0501,64.45,2.21,2.21,57.76,2.23,120243,4123,4123,107761.194,4160.447761,
3,1,Juncus,effusus,NEWFS-664,0.65,0.65,0.22,0.87,0.00,0.13,0.004,0.0911,105.21,5.47,5.49,88.77,5.45,110631,5752,5773,93343.84858,5730.809674,
3,1,Juncus,effusus,NEWFS-667,0.13,0.13,0.64,0.77,0.00,0.23,0.0034,0.0872,204.47,5.94,5.97,195.52,5.96,225684,6556,6589,215805.7395,6578.366446,
3,1,Juncus,effusus,NEWFS-695,0.69,0.69,0.15,0.84,0.00,0.16,0.0031,0.0681,125.93,5.42,5.46,103.77,5.46,176868,7612,7669,145744.382,7668.539326,
3,1,Juncus,effusus,NEWFS-699,0.47,0.47,0.33,0.80,0.00,0.20,0.0027,0.0487,259.05,3.05,3.03,244.17,3.04,503988,5934,5895,475038.9105,5914.396887,
3,1,Juncus,effusus,NEWFS-702,0.23,0.23,0.70,0.93,0.00,0.07,0.0023,0.0831,36.11,2.86,2.87,28.15,2.88,42283,3349,3361,32962.52927,3372.36534,
2,1,Juncus,gerardii,NEWFS-327,1.00,1.00,0.00,1.00,0.00,0.00,0.0025,0.0624,223.79,6.59,6.59,182.27,6.59,344823,10154,10154,280847.4576,10154.0832,
2,1,Juncus,gerardii,NEWFS-343,0.85,0.85,0.04,0.89,0.00,0.11,0.0046,0.0387,51.56,3.43,3.48,41.54,3.43,119076,7921,8037,95935.33487,7921.47806,
2,1,Juncus,gerardii,NEWFS-638,1.00,1.00,0.00,1.00,0.00,0.00,0.0026,0.0756,283.31,2.79,2.8,286.96,2.81,362289,3568,3581,366956.5217,3593.350384,
3,1,Juncus,gerardii,NEWFS-639,1.00,1.00,0.00,1.00,0.00,0.00,0.0048,0.0498,523.31,3.92,3.94,461.11,3.98,958443,7179,7216,844523.8095,7289.377289,
3,1,Juncus,gerardii,NEWFS-645,0.92,0.92,0.01,0.93,0.00,0.07,0.0035,0.0556,317.42,3.91,3.93,297.7,3.98,537090,6616,6650,503722.5042,6734.348562,
3,1,Juncus,gerardii,NEWFS-649,1.00,1.00,0.00,1.00,0.00,0.00,0.0045,0.0704,573.01,6.16,6.19,511.48,6.18,765033,8224,8264,682883.8451,8251.001335,
3,1,Juncus,gerardii,NEWFS-668,1.00,1.00,0.00,1.00,0.00,0.00,0.0031,0.0891,705.41,4.07,4.06,756.31,4.13,765087,4414,4403,820292.8416,4479.392625,
3,none assigned,Juncus,gerardii,NEWFS-673,0.88,0.88,0.05,0.93,0.00,0.07,0.0033,0.0293,1597.1,22.45,22.56,1449.78,22.42,4899080,68865,69202,4447177.914,68773.00613,
2,1,Juncus,gerardii,NEWFS-804,0.79,0.79,0.19,0.98,0.00,0.02,0.028,0.0971,92.76,6.71,6.7,71.58,6.71,74149,5364,5356,57218.22542,5363.709033,
2,1,Juniperus,virginiana,NEWFS-739,0.00,0.00,0.89,0.89,0.00,0.11,0.8795,2.584,1034.75,115.76,115.82,687.73,115.44,29876,3342,3344,19856.50354,3333.044608,
1,1,Kalmia,angustifolia,NEWFS-846,0.17,0.17,0.00,0.17,0.00,0.83,0.006,0.8732,115.36,29.15,29.16,29.16,29.14,13121,3316,3317,3316.651501,3314.376706,
1,1,Kalmia,angustifolia,NEWFS-858,0.49,0.49,0.00,0.49,0.00,0.51,0.0048,0.5011,232.33,17.57,17.57,180.98,17.56,45924,3473,3473,35773.86835,3471.041708,
1,2,Kalmia,angustifolia,NEWFS-922,0.38,0.38,0.00,0.38,0.00,0.62,0.0037,0.9972,73.878,29.55,30.9,0,14.79,7381,2952,3087,0,1477.670097,
NA,1,Kalmia,angustifolia,NEWFS-938,0.57,0.57,0.00,0.57,0.00,0.43,0.0041,0.7,34.47,18.12,18.02,0,0,4896,2573,2559,0,0,
1,2,Kosteletzkya,virginica,NCBG-514,0.84,0.95,0.10,0.95,0.00,0.05,1.8315,0.0391,212.4,62.39,62.35,25.28,62.27,11355,3335,3333,1351.438041,3328.878435,
1,1,Leersia,oryzoides,NCBG-576,,,,0.00,1.00,0.00,0.2765,0.0057,62.7131,9.44,9.42,34.9,9.42,22223,3345,3338,12367.11552,3338.058115,Initial TZ of ~ 10 seeds indicated no viability.  High proportion of empty seeds or embryos damaged by insect/handling. Perhaps immature. Not planted for germ assay.
NA,1,Lespedeza,capitata,NEWFS-754,0.06,0.99,0.87,0.99,0.00,0.01,0.214,1.2066,85.18,43.71,44.05,0,0,5996,3077,3101,0,0,
3,1,Lespedeza,capitata,NEWFS-821,0.02,0.71,0.64,0.71,0.00,0.29,0.3106,1.5102,430.41,30.64,60.8,251.35,60.57,23639,1683,3339,13804.3717,3326.559754,
3,1,Limonium,carolinianum,MARSB-415,0.09,0.09,0.00,0.09,0.91,0.00,0.0555,1.3029,667.61,52.43,51.79,504.7,54.38,49147,3860,3813,37154.00471,4003.239105,
1,2,Limonium,carolinianum,NEWFS-792,0.07,0.07,0.00,0.07,0.93,0.00,0.1328,1.1258,191.55,42.04,42.98,59.26,42.9,15219,3340,3415,4708.406166,3408.549182,
NA,2,Limonium,carolinianum,NEWFS-814,0.06,0.06,0.00,0.06,0.94,0.00,0.059,1.411,61.9,30.95,28.36,0,0,4211,2105,1929,0,0,
2,2,Limonium,carolinianum,NEWFS-913,0.08,0.08,0.00,0.08,0.92,0.00,0.0373,0.9872,194.015,33.45,34.34,81.24,34.13,18938,3265,3352,7929.721816,3331.381162,
2,1,Limonium,carolinianum,NEWFS-933,0.13,0.13,0.00,0.13,0.87,0.00,0.1483,1.1004,188.73,41.66,41.6,53.94,41.61,15114,3336,3331,4319.69248,3332.265556,
1,2,Lycopus,americanus,NEWFS-893,0.00,0.00,0.58,0.58,0.34,0.08,0.018,0.0371,14.9763,1.94,1.94,9.11,1.92,27180,3521,3521,16533.57532,3484.573503,
NA,2,Mitchella,repens,NEWFS-927,0.01,0.01,0.71,0.72,0.00,0.28,0.2624,0.7623,4.3393,2.11,2.12,0,0,423,206,207,0,0,
1,2,Myrica,gale,NEWFS-886,0.53,0.53,0.17,0.70,0.04,0.26,0.2624,0.6828,178.86,31.55,31.64,85.08,31.49,18923,3338,3347,9001.269573,3331.570038,
1,2,Panicum,amarum,NCBG-560,0.70,0.70,0.00,0.70,0.30,0.00,0.2145,0.1997,116.09,10.43,10.61,84.97,10.45,28028,2518,2562,20514.24433,2522.93578,
1,2,Panicum,amarum,NCBG-732,0.38,0.38,0.00,0.38,0.63,0.00,0.111,0.1532,859.94,12.49,12.72,796.46,12.31,325488,4727,4815,301461.0144,4659.348978,
1,2,Panicum,virgatum,NCBG-529,0.12,0.12,0.00,0.12,0.88,0.00,0.0606,0.1471,29.03,3.59,3.54,16.64,3.59,13977,1728,1704,8011.555128,1728.454502,
1,2,Panicum,virgatum,NCBG-530,0.12,0.12,0.00,0.12,0.88,0.00,0.0726,0.1311,46.42,3.49,3.5,37.82,3.43,22788,1713,1718,18566.51939,1683.848797,
1,2,Panicum,virgatum,NCBG-596,0.11,0.11,0.00,0.11,0.89,0.00,0.0672,0.1872,73.02,3.85,3.8,59.65,3.86,28703,1513,1494,23447.32704,1517.295597,
1,2,Panicum,virgatum,NEWFS-798,0.25,0.25,0.00,0.25,0.75,0.00,0.1028,0.1097,85.57,7.71,7.75,64.18,7.78,40268,3628,3647,30202.35294,3661.176471,
1,2,Panicum,virgatum,NEWFS-857,0.26,0.26,0.00,0.26,0.74,0.00,0.01028,0.2003,64.68,10.11,10.09,36.04,10.16,30715,4801,4792,17114.63577,4824.769684,
1,2,Panicum,virgatum,NEWFS-906,0.36,0.36,0.00,0.36,0.63,0.01,0.1141,0.1671,56.926,9.41,9.34,29.02,9.43,20244,3346,3321,10320.0569,3353.485064,
1,2,Panicum,virgatum,NEWFS-930,0.18,0.18,0.00,0.18,0.82,0.00,0.0963,0.1763,51.89,9.16,9.15,25.64,9.1,19035,3360,3357,9405.722671,3338.224505,
NA,NA,Parthenocissus,quinquefolia,NEWFS-482,,,,,,,,,,,,,,#DIV/0!,#DIV/0!,#DIV/0!,#DIV/0!,#DIV/0!,Seeds were  found to be too moldy to clean and test. The sample was discarded. 
1,2,Paspalum,boscianum,NCBG-591,0.31,0.31,0.00,0.31,0.69,0.00,0.4316,0.3172,213.84,24.98,24.78,130.64,24.98,28558,3336,3309,17446.5812,3336.004274,
NA,NA,Peltandra,virginica,NEWFS-721,,,,,,,N/A,,,,,,,#VALUE!,#VALUE!,#VALUE!,#VALUE!,#VALUE!,Sample on packing list but not included in shipment
1,2,Persecaria,sagittata,NEWFS-710,0.00,0.00,0.34,0.34,0.27,0.39,0.2697,0.1669,65.58,14.58,14.58,22.85,14.55,15021,3339,3339,5233.623454,3332.569858,
1,2,Persecaria,sagittata,NEWFS-720,0.00,0.00,0.41,0.41,0.17,0.42,0.3242,0.1469,77.97,15.83,15.8,33.18,15.61,16551,3360,3354,7043.090639,3313.521545,
1,1,Persecaria,sagittata,NEWFS-728,0.00,0.00,0.67,0.67,0.00,0.33,0.3211,0.1232,50.26,14.78,14.92,7.25,14.76,11312,3327,3358,1631.780329,3322.079676,
1,2,Phytolacca,americana,NCBG-537,0.00,0.87,0.84,0.87,0.00,0.13,0.6595,0.0083,49.91,19.9917,19.5087,0,9.8636,7474,2994,2921,0,1477.029051,
1,2,Phytolacca,americana,NCBG-539,0.02,0.85,0.83,0.85,0.00,0.15,0.6774,0.0054,120.44,22.76,22.76,51.7,22.77,17639,3333,3333,7571.763327,3334.797891,
2 (2),1 (2),Pinus,rigida,MARSB-446,0.44,0.44,0.15,0.59,0.28,0.13,0.7598,16.47,3595.06,574.45,575.28,1929.33,575.16,20865,3334,3339,11197.63433,3338.169915,
1,2,Pinus,serotina,NCBG-424,0.36,0.36,0.06,0.42,0.05,0.53,0.8189,0.0107,140.42,27.76,27.59,57.67,27.8,16926,3346,3326,6951.542912,3351.012536,
2,2,Piptochaetium,avenaceum,NCBG-703,0.05,0.05,0.20,0.25,0.50,0.25,0.5307,0.0371,47.83,14.8,14.47,0,14.23,8424,2607,2548,0,2506.164142,
1,2,Pityopsis,falcata,MARSB-357,0.00,0.00,0.31,0.31,0.64,0.05,0.0346,0.1083,145.28,10.48,10.44,122.55,10.48,101666,7334,7306,85759.27222,7333.79986,
1,2,Pluchea,odorata,MARSB-606,0.23,0.23,0.08,0.31,0.14,0.55,0.0137,0.0731,22.23,2.88,2.9,12.7,2.88,25611,3318,3341,14631.33641,3317.97235,
1,2,Pluchea,odorata,NCBG-563,0.12,0.12,0.03,0.15,0.42,0.43,0.0171,0.0787,18.6,3.57,3.6,8.55,3.44,19415,3727,3758,8924.843424,3590.814196,
1,1,Pluchea,odorata,NEWFS-794,0.11,0.11,0.06,0.17,0.09,0.74,0.0149,0.0552,155.64,7.39,7.35,132.6,7.35,222026,10542,10485,189158.3452,10485.0214,
1,2,Pluchea,odorata,NEWFS-894,0.20,0.20,0.01,0.21,0.15,0.64,0.0222,0.0635,35,3.05,3.11,27.07,3.06,40840,3559,3629,31586.93116,3570.595099,
1,2,Pluchea,odorata,NEWFS-929,0.46,0.46,0.01,0.47,0.43,0.10,0.0203,0.0686,48.53,3.57,3.66,38.31,3.52,54589,4016,4117,43093.36333,3959.505062,
NA,1,Prunus,serotina,NEWFS-352,,,,0.00,,1.00,16.16,0.0249,1042.58,514.11,514.09,0,0,6442,3176,3176,0,0,Initial TZ of ~ 10 seeds indicated no viability.  High proportion of empty seeds or embryos damaged by insect/handling. Perhaps immature. Not planted for germ assay.
3,1,Pseudognaphalium,obtusifolium,NEWFS-898,,,,0.00,,1.00,0.0012,0.15,38.09,5.2,5.14,24.32,5.13,25192,3439,3399,16084.65608,3392.857143,Initial TZ of ~ 10 seeds indicated no viability.  High proportion of empty seeds or embryos damaged by insect/handling. Perhaps immature. Not planted for germ assay.
3,1,Pseudognaphalium,obtusifolium,NEWFS-928,,,,0.00,,1.00,0.0019,0.2,25.66,6.78,6.75,6.56,6.78,12709,3358,3343,3249.133234,3358.098068,Initial TZ of ~ 10 seeds indicated no viability.  High proportion of empty seeds or embryos damaged by insect/handling. Perhaps immature. Not planted for germ assay.
1,1,Pycnanthemum,muticum,NEWFS-753,0.33,0.33,0.00,0.33,0.67,0.00,0.0069,0.0447,110.84,10.01,10,82.18,9.99,214806,19399,19380,159263.5659,19360.46512,
2,2,Rhus,copallinum,NEWFS-908,0.01,0.01,0.77,0.78,0.00,0.22,1.3389,1.519,403.34,95.72,95.92,116.91,95.19,14113,3349,3356,4090.765947,3330.767347,
1,2,Rhus,hirta,NEWFS-165,0.13,0.13,0.79,0.92,0.00,0.08,0.816,0.0178,1176.9286,33.1193,33.1105,1075.25,33.1169,141152,3972,3971,128957.7836,3971.80379,
1,2,Rhus,hirta,NEWFS-464,0.20,0.20,0.68,0.88,0.00,0.12,0.7478,0.0121,492.813,28.9608,28.9671,406.06,28.9115,64852,3811,3812,53435.97842,3804.645348,
1,2,Rhus,hirta,NEWFS-779,0.35,0.35,0.50,0.85,0.00,0.15,0.9583,0.0209,917.8918,32.6468,32.6563,820.15,32.6672,93739,3334,3335,83757.14869,3336.111111,
2,2,Rhus,typhina,NEWFS-935,0.20,0.20,0.73,0.93,0.00,0.07,1.3807,0.972,1055.64,79.46,78.95,828.59,79.13,44869,3377,3356,35218.68492,3363.369745,
1,2,Rhynchospora,alba,NEWFS-717,0.43,0.43,0.34,0.77,0.00,0.23,0.0557,0.02211,25.03,8.49,8.52,0,8.5,32168,10911,10950,0,10924.04575,
1,1,Rhynchospora,alba or capitellata,NEWFS-725,0.74,0.74,0.12,0.86,0.02,0.12,0.0259,0.2731,69.95,10.13,10.29,35.85,10.22,23395,3388,3441,11989.96656,3418.060201,
1,1,Rhynchospora,capitellata,MARSB-486,0.02,0.02,0.29,0.31,0.00,0.69,0.0243,0.1782,80.84,12.62,12.66,43.98,12.6,39921,6232,6252,21718.51852,6222.222222,
1,1,Rhynchospora,capitellata,NCBG-528,0.05,0.05,0.33,0.38,0.00,0.62,0.0246,0.1901,30.39,7.16,7.14,6.12,7.14,14155,3335,3326,2850.489054,3325.570564,
2,1,Saccharum,giganteum,NCBG-754,0.01,0.07,0.92,0.99,0.00,0.01,0.083,0.0474,283.54,6.45,6.45,257.83,6.5,217439,4946,4946,197722.3926,4984.662577,
1,2,Salicornia,depressa,NEWFS-811,0.38,0.43,0.30,0.73,0.00,0.27,0.0551,0.0924,35.92,5,5.02,20.54,5.03,24353,3390,3403,13925.42373,3410.169492,
1,2,Salicornia,depressa,NEWFS-870,0.23,0.31,0.04,0.34,0.00,0.66,0.072,0.1355,24.17,6.92,6.97,3.54,6.94,11648,3335,3359,1706.024096,3344.578313,
2,1,Salvia,lyrata,NCBG-707,0.49,0.56,0.00,0.56,0.44,0.00,0.1483,0.1421,69.54,19.7,19.72,14.89,19.73,23946,6784,6791,5127.410468,6794.077135,
none assigned,1,Schizachyrium,littorale,NCBG-664,0.25,0.25,0.26,0.51,0.48,0.01,0.1681,0.0988,338.65,8.89,8.89,279.36,8.87,126883,3331,3331,104668.4151,3323.342076,
3,1,Schizachyrium,scorparium,NCBG-347,0.10,0.10,0.00,0.10,0.90,0.00,0.1249,0.0917,44.82,7.2,7.23,23.97,7.21,20693,3324,3338,11066.48199,3328.716528,
3,1,Schizachyrium,scorparium,NCBG-580,0.04,0.04,0.00,0.04,0.96,0.00,0.1098,0.0841,89.88,6.49,6.46,67.53,6.44,46354,3347,3332,34827.23053,3321.299639,
3,1,Schizachyrium,scorparium,NCBG-597,0.12,0.12,0.11,0.23,0.70,0.07,0.1854,0.0825,489.12,19.55,23.53,399.77,24.73,182576,7297,8783,149223.5909,9231.056364,
3,1,Schizachyrium,scorparium,NEWFS-445,0.54,0.65,0.08,0.73,0.00,0.27,0.0976,0.1027,83.65,6.69,6.87,65.3,6.73,41762,3340,3430,32601.09835,3359.96006,
3,none assigned,Schizachyrium,scorparium,NEWFS-755,0.03,0.03,0.11,0.14,0.85,0.01,0.1179,0.0999,174.02,7.37,7.39,139.58,7.38,79899,3384,3393,64086.31772,3388.429752,
3,1,Schizachyrium,scorparium,NEWFS-800,0.05,0.05,0.00,0.05,0.95,0.00,0.0786,0.0317,88.09,4.53,4.55,75.35,4.59,79864,4107,4125,68313.68994,4161.37806,
3,1,Schizachyrium,scorparium,NEWFS-820,0.35,0.45,0.17,0.63,0.00,0.37,0.0893,0.0828,428.19,5.73,5.72,408.13,5.73,248803,3329,3324,237147.0076,3329.459617,
3,1,Schizachyrium,scorparium,NEWFS-853,0.04,0.04,0.20,0.24,0.72,0.04,0.1028,0.0732,80.94,9.4,9.4,53.75,9.3,45989,5341,5341,30539.77273,5284.090909,
3,1,Schizachyrium,scorparium,NEWFS-865,0.06,0.06,0.18,0.24,0.76,0.00,0.0986,0.0667,35.82,5.52,5.52,18.92,5.5,21670,3339,3339,11445.85602,3327.283727,
1,2,Schoenoplectus,americanus,NCBG-723,0.02,0.02,0.29,0.31,0.29,0.40,0.122,0.0517,27.8,5.79,5.83,10.3,5.64,16005,3333,3356,5929.763961,3246.977547,
1,2,Schoenoplectus,americanus,NEWFS-644,0.00,0.01,0.43,0.44,0.23,0.33,0.1788,0.0322,22.15,7.09,7.06,0.96,7.07,10498,3360,3346,454.9763033,3350.7109,
1,2,Schoenoplectus,americanus,NEWFS-646,0.00,0.00,0.81,0.81,0.03,0.16,0.2433,0.0711,87.37,10.54,10.53,56.05,10.53,27789,3352,3349,17827.60814,3349.236641,
1,2,Schoenoplectus,americanus,NEWFS-675,0.02,0.02,0.27,0.29,0.32,0.38,0.1531,0.0217,81.49,5.87,5.84,63.17,5.9,46619,3358,3341,36138.44394,3375.286041,
NA,2,Schoenoplectus,americanus,NEWFS-733,0.02,0.02,0.61,0.63,0.03,0.34,0.2291,0.0628,16.8,8.43,8.39,0,0,5755,2888,2874,0,0,
NA,2,Schoenoplectus,americanus,NEWFS-760,0.05,0.05,0.60,0.65,0.13,0.22,0.2208,0.0398,10.15,5.06,4.99,0,0,3895,1942,1915,0,0,
1,1,Schoenoplectus,tabernaemontani,NEWFS-691,0.01,0.01,0.84,0.85,0.00,0.15,0.00816,0.0447,333.74,7,7.11,294.65,7.09,631366,13243,13451,557415.8154,13412.7885,
2,1,Scirpus,atrovirens,NEWFS-336,0.00,0.00,0.15,0.15,0.14,0.71,0.01,0.0755,19.88,2.84,2.88,10.03,2.9,23251,3322,3368,11730.99415,3391.812865,
1,2,Scirpus,atrovirens,NEWFS-729,0.00,0.00,0.42,0.42,0.21,0.37,0.016,0.0691,44.03,3.53,3.61,29.71,3.58,51739,4148,4242,34911.86839,4206.815511,
2,1,Scirpus,cyperinus,NEWFS-382,0.00,0.00,0.14,0.14,0.47,0.39,0.0207,0.0703,168.31,6.12,6.2,148.61,6.18,184956,6725,6813,163307.6923,6791.208791,
2,2,Scirpus,cyperinus,NEWFS-730,0.00,0.00,0.02,0.02,0.88,0.10,0.0207,0.0211,166.81,12.94,12.93,129.48,12.91,399067,30957,30933,309760.7656,30885.16746,
1,2,Scirpus,cyperinus,NEWFS-746,0.00,0.00,0.03,0.03,0.91,0.06,0.0148,0.0414,515.63,19.48,19.52,455.7,19.52,917491,34662,34733,810854.0925,34733.09609,
1,2,Scirpus,cyperinus,NEWFS-785,0.00,0.00,0.01,0.01,0.92,0.07,0.0145,0.0376,243.71,9.49,9.51,215.69,9.45,467774,18215,18253,413992.3225,18138.19578,
1,2,Scirpus,cyperinus,NEWFS-803,0.00,0.00,0.21,0.21,0.68,0.11,0.0166,0.0568,72.76,2.5,2.53,65.96,2.49,99128,3406,3447,89863.76022,3392.370572,
NA,1,Smilax,glauca,NEWFS-934,,,,0.00,,1.00,3.6551,0.0793,190.06,91.59,91.52,0,0,5089,2453,2451,0,0,Initial TZ of ~ 10 seeds indicated no viability.  High proportion of empty seeds or embryos damaged by insect/handling. Perhaps immature. Not planted for germ assay.
NA,1,Smilax,laurifolia,NCBG-334,0.00,0.00,0.27,0.27,0.00,0.73,4.7074,0.0207,126.14,65.38,61.81,0,0,2668,1383,1307,0,0,
NA,1,Smilax,rotundifolia,NCBG-380,0.00,0.00,0.38,0.38,0.00,0.62,3.7339,0.0302,103.53,51.03,53.63,0,0,2750,1356,1425,0,0,
NA,1,Smilax,rotundifolia,NEWFS-607,0.00,0.00,0.23,0.23,0.00,0.77,2.7492,2.146,214.26,102.7,102.69,0,0,4377,2098,2098,0,0,
2,1,Solidago,altissima,NEWFS-819,,,,0.00,,1.00,0.0161,0.0611,38.27,2.59,2.56,31.51,2.58,49573,3355,3316,40816.06218,3341.968912,Initial TZ of ~ 10 seeds indicated no viability.  High proportion of empty seeds or embryos damaged by insect/handling. Perhaps immature. Not planted for germ assay.
2,1,Solidago,altissima,NEWFS-890,0.27,0.27,0.00,0.27,0.73,0.00,0.022,0.0842,40.62,3.55,3.57,31.17,3.55,38249,3343,3362,29350.28249,3342.749529,
3,1,Solidago,altissima,NEWFS-904,0.51,0.51,0.00,0.51,0.49,0.00,0.0124,0.0784,59.11,3.19,3.18,50.61,3.2,65099,3513,3502,55737.88546,3524.229075,
2,1,Solidago,caesia,NEWFS-850,0.47,0.47,0.00,0.47,0.53,0.00,0.0144,0.0601,13.12,2.48,2.5,6.56,2.49,17611,3329,3356,8805.369128,3342.281879,
3,1,Solidago,canadensis,NEWFS-158,0.41,0.41,0.00,0.41,0.59,0.00,0.0114,0.0452,27.26,1.98,1.98,21.26,2,48163,3498,3498,37561.83746,3533.568905,
3,1,Solidago,juncea,MARSB-403,,,,0.00,,1.00,0.0103,0.0333,219.79,4.04,4.05,207.62,4.05,504106,9266,9289,476192.6606,9288.990826,Initial TZ of ~ 10 seeds indicated no viability.  High proportion of empty seeds or embryos damaged by insect/handling. Perhaps immature. Not planted for germ assay.
2,1,Solidago,puberula,NEWFS-757,0.25,0.25,0.00,0.25,0.75,0.00,0.0089,0.0541,13.68,2.09,2.11,7.66,2.09,21714,3317,3349,12158.73016,3317.460317,
2,1,Solidago,rugosa,MARSB-401,0.15,0.15,0.00,0.15,0.85,0.00,0.0151,0.0721,285.18,3.92,3.94,272.12,3.93,327041,4495,4518,312064.2202,4506.880734,
3,1,Solidago,rugosa,NEWFS-787,0.18,0.18,0.00,0.18,0.82,0.00,0.0077,0.0911,282.72,4.66,4.63,267.51,4.69,286154,4717,4686,270759.1093,4746.963563,
2,1,Solidago,rugosa,NEWFS-862,0.12,0.12,0.00,0.12,0.88,0.00,0.0062,0.0659,68.19,2.4,2.39,61.69,2.39,94577,3329,3315,85561.71983,3314.840499,
2,1,Solidago,rugosa,NEWFS-876,0.14,0.14,0.00,0.14,0.86,0.00,0.0036,0.0614,49.73,2.43,2.44,42.86,2.4,76508,3738,3754,65938.46154,3692.307692,
2,1,Solidago,rugosa,NEWFS-885,0.28,0.28,0.00,0.28,0.72,0.00,0.0077,0.0582,83.39,2.72,2.71,77.14,2.73,126540,4127,4112,117056.1457,4142.640364,
2,1,Solidago,rugosa,NEWFS-900,0.31,0.31,0.00,0.31,0.69,0.00,0.0084,0.0473,36.92,2.08,2.1,32.42,2.09,66284,3734,3770,58204.66786,3752.244165,
3,1,Solidago,rugosa,NEWFS-915,0.30,0.30,0.00,0.30,0.70,0.00,0.0131,0.0748,15.44,2.92,2.92,6.93,2.95,17565,3322,3322,7883.959044,3356.086462,
3,1,Solidago,sempervirens,NEWFS-799,0.00,0.00,0.00,0.00,1.00,0.00,0.0291,0.0842,55.64,4.31,4.35,42.09,4.33,49109,3804,3839,37149.16152,3821.712268,
3,1,Solidago,sempervirens,NEWFS-808,0.16,0.16,0.00,0.16,0.84,0.00,0.0203,0.0531,91.46,2.46,2.44,83.67,2.45,124605,3351,3324,113991.8256,3337.874659,
3,1,Solidago,sempervirens,NEWFS-868,0.23,0.23,0.00,0.23,0.77,0.00,0.0214,0.0684,211.12,4.83,4.81,196.83,4.85,235100,5379,5356,219187.0824,5400.890869,
3,1,Solidago,sempervirens,NEWFS-878,0.04,0.04,0.00,0.04,0.96,0.00,0.0216,0.0733,218.57,3.51,3.59,208.35,3.58,230316,3699,3783,219546.8915,3772.391992,
3,1,Solidago,sempervirens,NEWFS-895,0.06,0.06,0.00,0.06,0.94,0.00,0.018,0.0821,139.68,4.46,4.46,126.58,4.44,139540,4456,4456,126453.5465,4435.564436,
3,1,Solidago,sempervirens,NEWFS-907,0.17,0.17,0.00,0.17,0.83,0.00,0.0199,0.0449,294.11,4.25,4.23,281.8,4.26,453873,6559,6528,434876.5432,6574.074074,
3,1,Solidago,sempervirens,NEWFS-910,0.09,0.09,0.00,0.09,0.91,0.00,0.0293,0.0731,113.65,3.39,3.39,103.04,3.39,110986,3311,3311,100625,3310.546875,
3,1,Solidago,sempervirens,NEWFS-931,0.27,0.27,0.00,0.27,0.73,0.00,0.0256,0.0504,273.54,3.39,3.41,265.82,3.41,359921,4461,4487,349763.1579,4486.842105,
2,1,Sorghastrum,nutans,MARSB-387,0.27,0.27,0.00,0.27,0.73,0.00,0.1945,0.4337,1377.61,24.36,24.73,1330.32,24.44,219295,3878,3937,211766.9532,3890.480739,
1,1,Sorghastrum,nutans,NCBG-388,0.40,0.40,0.00,0.40,0.60,0.00,0.1984,0.2122,398.38,24.63,24.53,310.44,24.88,97024,5999,5974,75606.42962,6059.425231,
2,1,Sorghastrum,nutans,NCBG-391,0.13,0.13,0.00,0.13,0.87,0.00,0.1435,0.3798,61.36,17.45,17.43,9.93,17.45,11726,3335,3331,1897.573094,3334.6073,
1,1,Sorghastrum,nutans,NCBG-399,0.51,0.51,0.00,0.51,0.49,0.00,0.225,0.3453,287.25,24.61,24.52,198.81,24.62,50368,4315,4299,34860.59968,4317.026127,
NA,2,Sparganium,americanum,NEWFS-704,0.00,0.00,0.17,0.17,0.28,0.55,4.5882,0.8991,274.1,137.53,137.43,0,0,4995,2506,2505,0,0,
1,2,Sparganium,americanum,NEWFS-731,0.00,0.00,0.40,0.40,0.20,0.40,0.6873,0.4956,192.88,39.46,39.43,75.34,39.41,16306,3336,3333,6369.092907,3331.642573,
NA,2,Sparganium,americanum,NEWFS-747,0.00,0.00,0.33,0.33,0.17,0.50,5.8741,0.9034,186.58,94.31,94.54,0,0,2753,1392,1395,0,0,
3,1,Sparganium,cynosuroides,NCBG-383,0.01,0.01,0.00,0.01,0.99,0.00,0.2243,0.0951,382.03,10.76,10.76,336.99,10.79,119609,3369,3369,105507.201,3378.209142,
1,2,Spartina,patens,NEWFS-737,0.01,0.01,0.00,0.01,0.99,0.00,0.1359,0.0843,35.97,7.64,7.69,14.94,7.62,16335,3470,3492,6784.741144,3460.490463,
1,2,Spartina,patens,NEWFS-795,0.04,0.04,0.00,0.04,0.96,0.00,0.103,0.0617,15.75,5.34,5.34,0,5.33,9563,3242,3242,0,3236.187007,
1,2,Spartina,patens,NEWFS-817,0.03,0.03,0.00,0.03,0.97,0.00,0.947,0.0777,42.31,6.88,6.84,21.35,6.81,4129,671,668,2083.536645,664.5847565,
2,1,Spartina,pectinata,NEWFS-802,0.02,0.02,0.00,0.02,0.98,0.00,0.2421,0.1022,121.92,11.52,11.47,86.04,11.47,35411,3346,3331,24989.83445,3331.397037,
1,2,Spiraea,alba,NEWFS-860,0.78,0.78,0.00,0.78,0.21,0.01,0.0038,0.0717,17.98,2.86,2.87,10.99,2.85,23815,3788,3801,14556.29139,3774.834437,
2,1,Spiraea,alba,NEWFS-937,0.71,0.71,0.00,0.71,0.29,0.00,0.0051,0.0932,165.47,11.2,11.28,132.91,11.23,168332,11394,11475,135208.5453,11424.2116,
1,2,Spiraea,tomentosa,NEWFS-748,0.43,0.43,0.00,0.43,0.57,0.00,0.0019,0.1707,100.66,5.78,5.77,84.33,5.77,58320,3349,3343,48858.63268,3342.989571,
1,1,Spiraea,tomentosa,NEWFS-859,0.68,0.68,0.00,0.68,0.27,0.04,0.0032,0.2283,88.21,7.75,7.76,66.27,7.77,38104,3348,3352,28626.34989,3356.37149,
2,1,Spiraea,tomentosa,NEWFS-940,0.50,0.50,0.00,0.50,0.50,0.00,0.0032,0.1632,119.28,5.99,5.99,101.89,6.02,71683,3600,3600,61231.97115,3617.788462,
2,2,Suaeda,maritima,NEWFS-783,0.83,0.83,0.05,0.88,0.00,0.12,0.0569,0.8235,181.96,46.88,46.55,41.55,46.61,20668,5325,5287,4719.445706,5294.184462,
1,1,Suaeda,maritima,NEWFS-871,0.66,0.66,0.20,0.86,0.00,0.14,0.0671,0.2586,30.99,10.87,10.89,0,10.77,9515,3337,3344,0,3306.723979,
1,2,Symphyotrichum,subulatum,MARSB-607,0.10,0.10,0.00,0.10,0.90,0.00,0.0178,0.0981,18.52,3.89,3.86,5.13,3.96,15979,3356,3330,4426.229508,3416.738568,
1,2,Symphyotrichum,subulatum,NEWFS-899,0.04,0.04,0.00,0.04,0.96,0.00,0.0124,0.0932,88.03,3.71,3.71,78.94,3.85,83362,3513,3513,74753.78788,3645.833333,
NA,2,Symphyotrichum,tenuifolium,NEWFS-426,0.02,0.02,0.00,0.02,0.98,0.00,0.0259,0.1497,5.19,2.55,2.41,0,0,2956,1452,1372,0,0,
NA,2,Symphyotrichum,tenuifolium,NEWFS-741,0.11,0.11,0.00,0.11,0.89,0.00,0.0344,0.1713,4.59,2.28,2.29,0,0,2231,1108,1113,0,0,
1,2,Symphyotrichum,tenuifolium,NEWFS-758,0.07,0.07,0.00,0.07,0.93,0.00,0.0312,0.132,19.14,1.71,1.61,14.66,1.74,11728,1048,987,8982.843137,1066.176471,
NA,2,Symphyotrichum,tenuifolium,NEWFS-916,0.04,0.04,0.00,0.04,0.96,0.00,0.0222,0.1562,3.84,1.86,1.62,0,0,2152,1043,908,0,0,
2 (3),1 (3),Taxodium,distichum,NCBG-304,0.20,0.20,0.21,0.41,0.09,0.50,5.8873,18.7752,4246.62,822.54,822.79,1834.94,822.8,17219,3335,3336,7440.202737,3336.23923,
NA,NA,Teucrium,canadense,NEWFS-374,,,,,,,N/A,,,,,,,#VALUE!,#VALUE!,#VALUE!,#VALUE!,#VALUE!,Sample on packing list but not included in shipment
NA,2,Triadenum,fraseri,NEWFS-539,,,,0.00,,1.00,0.0731,0.0372,6.2011,3.06,3.03,0,0,5622,2774,2747,0,0,Initial TZ of ~ 10 seeds indicated no viability.  High proportion of empty seeds or embryos damaged by insect/handling. Perhaps immature. Not planted for germ assay.
1,1,Triadenum,virginicim,NEWFS-726,0.00,0.00,0.04,0.04,0.61,0.35,0.0082,0.0671,8.5392,2.52,2.52,0.91,2.53,11340,3347,3347,1208.499336,3359.893758,
1,2,Triadenum,virginicum,MARSB-610,0.00,0.00,0.13,0.13,0.09,0.78,0.0083,0.0998,30.37,3.74,3.73,21.89,3.74,28094,3460,3451,20249.76873,3459.759482,
1,2,Triadenum,virginicum,NCBG-559,0.00,0.00,0.10,0.10,0.06,0.84,0.0101,0.0051,8.2688,0.74,0.75,5.98,0.73,54400,4868,4934,39342.10526,4802.631579,
1,2,Tridens,flavus,MARSB-410,0.50,0.50,0.16,0.66,0.33,0.01,0.0923,0.1201,297.03,14.72,14.68,276.38,14.73,139845,6930,6911,130122.4105,6935.028249,
1,1,Tridens,flavus,NCBG-568,0.42,0.42,0.29,0.71,0.24,0.05,0.722,0.1048,118.33,27.56,27.58,33.52,27.54,14312,3333,3336,4054.184809,3330.914369,
1,1,Triglochin,maritima,NEWFS-641,0.07,0.07,0.00,0.07,0.93,0.00,0.0809,0.5067,171,19.6,19.58,111.44,19.58,29101,3336,3332,18965.28251,3332.198775,
NA,2,Triglochin,maritima,NEWFS-648,0.27,0.27,0.00,0.27,0.73,0.00,0.0798,0.3582,25.2472,12.53,12.58,0,0,5764,2861,2872,0,0,
2,2,Tripsacum,dactyloides,NCBG-516,,,,0.00,,1.00,7.4288,0,714.3,234.85,243.7,0,234.68,9615,3161,3280,0,3159.056644,Initial TZ of ~ 10 seeds indicated no viability.  High proportion of empty seeds or embryos damaged by insect/handling. Perhaps immature. Not planted for germ assay.
NA,2,Tsuga,canadensis,NEWFS-867,,,,0.00,,1.00,7.4288,4.1465,213.18,107.03,107.04,0,0,1842,925,925,0,0,Initial TZ of ~ 10 seeds indicated no viability.  High proportion of empty seeds or embryos damaged by insect/handling. Perhaps immature. Not planted for germ assay.
3,1,Typha,angustifolia,NCBG-505,0.40,0.40,0.22,0.62,0.00,0.38,0.024,0.0921,281.65,10.72,14.76,235.08,13.96,242593,9233,12713,202480.6202,12024.11714,
3,1,Typha,angustifolia,NCBG-509,0.06,0.06,0.13,0.19,0.00,0.81,0.0258,0.0546,286.27,10.54,7.86,253.06,10.82,356057,13109,9776,314751.2438,13457.71144,
3,1,Typha,angustifolia,NCBG-513,0.79,0.79,0.06,0.85,0.00,0.15,0.018,0.0233,278.39,9.85,9.95,231.66,11.66,674068,23850,24092,560920.0969,28232.44552,
3,1,Typha,angustifolia,NCBG-518,0.13,0.13,0.29,0.42,0.00,0.58,0.0112,0.0396,254.56,10.91,11.1,205.56,9.8,501102,21476,21850,404645.6693,19291.33858,
3,1,Typha,angustifolia,NCBG-521,0.20,0.20,0.26,0.46,0.00,0.54,0.0194,0.0188,485.46,11.86,9.89,436.92,12.44,1270838,31047,25890,1143769.634,32565.44503,
3,1,Typha,angustifolia,NCBG-534,0.69,0.69,0.13,0.82,0.00,0.18,0.0261,0.0699,398.79,12,15.11,349.17,13.05,415406,12500,15740,363718.75,13593.75,
3,1,Typha,angustifolia,NCBG-536,0.09,0.09,0.25,0.34,0.00,0.66,0.0194,0.0282,395.41,12.51,16.12,314.48,14.81,830693,26282,33866,660672.2689,31113.44538,
3,1,Typha,angustifolia,NCBG-543,0.30,0.30,0.19,0.49,0.00,0.51,0.0234,0.0382,403.86,12.68,15.66,339.2,14.51,655617,20584,25422,550649.3506,23555.19481,
3,1,Typha,angustifolia,NCBG-547,0.40,0.40,0.32,0.72,0.00,0.28,0.0135,0.0175,269.98,8.22,7.81,232.55,8.23,870903,26516,25194,750161.2903,26548.3871,
3,1,Typha,angustifolia,NCBG-549,0.15,0.15,0.70,0.85,0.00,0.15,0.0107,0.0421,351.15,12.86,13.04,307.99,20.83,665057,24356,24697,583314.3939,39450.75758,
3,1,Typha,angustifolia,NCBG-575,0.38,0.38,0.41,0.79,0.00,0.21,0.0168,0.0656,374.61,16.03,15.01,309.05,12.24,454624,19454,18216,375060.6796,14854.36893,
3,1,Typha,latifolia,NCBG-235,0.22,0.22,0.23,0.45,0.00,0.55,0.0151,0.0286,508.28,14.21,14.8,437.67,14.52,1163112,32517,33867,1001533.181,33226.54462,
3,1,Typha,latifolia,NCBG-237,0.47,0.47,0.51,0.98,0.00,0.02,0.036,0.0178,920.5,30.36,30.24,817.03,26.39,1710967,56431,56208,1518643.123,49052.04461,
3,1,Typha,latifolia,NCBG-239,0.17,0.17,0.44,0.61,0.00,0.39,0.0104,0.0586,1090.49,31.72,37.59,935.12,52.02,1580420,45971,54478,1355246.377,75391.30435,
3,1,Typha,latifolia,NCBG-242,0.00,0.00,0.11,0.11,0.00,0.89,0.0082,0.0113,984.51,34.81,42.85,851.42,28.12,5048769,178513,219744,4366256.41,144205.1282,
3,1,Typha,latifolia,NCBG-247,0.10,0.10,0.35,0.45,0.00,0.55,0.0232,0.0348,483.12,14.97,15.84,417.13,20.54,832966,25810,27310,719189.6552,35413.7931,
3,1,Typha,latifolia,NCBG-262,0.14,0.14,0.09,0.23,0.00,0.77,0.0148,0.0198,918.56,40.4,33.32,774.67,35.26,2654798,116763,96301,2238930.636,101907.5145,
3,1,Typha,latifolia,NCBG-552,0.54,0.54,0.07,0.61,0.00,0.39,0.02,0.0622,1371.89,46.53,51.22,1156.55,51.66,1668966,56606,62311,1406995.134,62846.71533,
3,1,Typha,latifolia,NCBG-579,0.64,0.64,0.29,0.93,0.00,0.07,0.0105,0.0209,1194.57,42.03,60.21,1026.7,55.89,3804363,133854,191752,3269745.223,177993.6306,
3,1,Typha,latifolia,NEWFS-784,0.62,0.62,0.15,0.77,0.00,0.23,0.0111,0.0119,957.12,14.8,11.84,865.89,10.59,4161391,64348,51478,3764739.13,46043.47826,
2,1,Uniola,paniculata,NCBG-740,0.71,0.83,0.03,0.86,0.00,0.14,0.495,0.2077,2436.07,51.78,51.76,2256.28,51.79,346673,7369,7366,321087.235,7370.143731,
1,2,Vaccinium,angustifolia,NEWFS-267,0.01,0.01,0.07,0.08,0.28,0.64,0.0236,0.1726,93.1194,8.11,8.15,68.57,8.16,47461,4134,4154,34949.0316,4159.021407,
1,2,Vaccinium,angustifolia,NEWFS-355,0.00,0.01,0.23,0.24,0.32,0.44,0.0168,0.1001,19.9882,4.25,4.29,7.59,4.2,17099,3636,3670,6492.728828,3592.814371,
NA,NA,Vaccinium,corymbosum,NEWFS-357,,,,,,,,,,,,,,#DIV/0!,#DIV/0!,#DIV/0!,#DIV/0!,#DIV/0!,Seeds were  found to be too moldy to clean and test. The sample was discarded. 
NA,NA,Vaccinium,macrocarpon,NEWFS-453,,,,,,,,,,,,,,#DIV/0!,#DIV/0!,#DIV/0!,#DIV/0!,#DIV/0!,Seeds were  found to be too moldy to clean and test. The sample was discarded. 
NA,NA,Vaccinium,macrocarpon,NEWFS-478,,,,,,,,,,,,,,#DIV/0!,#DIV/0!,#DIV/0!,#DIV/0!,#DIV/0!,Seeds were  found to be too moldy to clean and test. The sample was discarded. 
NA,NA,Vaccinium,macrocarpon,NEWFS-801,,,,,,,,,,,,,,#DIV/0!,#DIV/0!,#DIV/0!,#DIV/0!,#DIV/0!,Seeds were  found to be too moldy to clean and test. The sample was discarded. 
NA,NA,Vaccinium,myrtilloides,NEWFS-356,,,,,,,,,,,,,,#DIV/0!,#DIV/0!,#DIV/0!,#DIV/0!,#DIV/0!,Seeds were  found to be too moldy to clean and test. The sample was discarded. 
1,2,Verbena,hastata,NEWFS-786,0.00,0.00,0.29,0.29,0.00,0.71,0.0334,0.1764,159.91,10.04,9.99,129.17,10.05,76220,4786,4762,61568.16015,4790.276454,
1,1,Verbena,hastata,NEWFS-873,0.00,0.00,0.35,0.35,0.00,0.65,0.0248,0.1122,71.95,5.43,5.54,56.16,5.48,52518,3964,4044,40992.70073,4000,
1,1,Verbena,hastata,NEWFS-891,0.00,0.00,0.31,0.31,0.00,0.69,0.0281,0.1318,161.15,10.58,10.64,128.86,10.66,100782,6617,6654,80587.86742,6666.666667,
NA,2,Viburnum,nudum,NCBG-372,0.00,0.00,0.46,0.46,0.24,0.30,1.3949,0.0012,67.9366,34.18,33.87,0,0,4866,2448,2426,0,0,
3,1,Xyris,difformis,NCBG-507,0.02,0.02,0.89,0.91,0.00,0.09,0.0026,0.0171,20.9613,2.12,2.17,14.84,2.13,106403,10761,11015,75329.94924,10812.18274,
3,1,Xyris,difformis,NCBG-526,0.00,0.00,0.96,0.96,0.00,0.04,0.0027,0.0611,15.8504,2.19,2.16,9.96,2.13,24844,3433,3386,15611.28527,3338.557994,
